[
  {
    "model": "workflow.workflow",
    "pk": 1,
    "fields": {
      "creator": "admin",
      "gmt_created": "2018-04-23T20:49:32.229",
      "gmt_modified": "2018-10-22T08:05:15.574",
      "is_deleted": false,
      "name": "\u8bf7\u5047\u7533\u8bf7",
      "description": "\u8bf7\u5047\u7533\u8bf7",
      "notices": "2",
      "view_permission_check": false,
      "limit_expression": "{}",
      "display_form_str": "[\"sn\", \"title\", \"leave_start\", \"leave_end\", \"leave_days\", \"leave_proxy\",  \"leave_type\", \"creator\", \"gmt_created\", \"leave_reason\"]",
      "title_template": "\u4f60\u6709\u4e00\u4e2a\u5f85\u529e\u5de5\u5355:{title}23",
      "content_template": "\u6807\u9898:{title}, \u521b\u5efa\u65f6\u95f4:{gmt_created}333"
    }
  },
  {
    "model": "workflow.workflow",
    "pk": 2,
    "fields": {
      "creator": "admin",
      "gmt_created": "2018-05-06T12:32:36.690",
      "gmt_modified": "2018-11-05T23:32:57.667",
      "is_deleted": false,
      "name": "vpn\u7533\u8bf7",
      "description": "vpn\u6743\u9650\u7533\u8bf7",
      "notices": "",
      "view_permission_check": true,
      "limit_expression": "{}",
      "display_form_str": "[\"sn\", \"title\", \"model\", \"gmt_created\",\"participant.participant_alias\",\"vpn_reason\"]",
      "title_template": "",
      "content_template": ""
    }
  },
  {
    "model": "workflow.workflowadmin",
    "pk": 1,
    "fields": {
      "creator": "admin",
      "gmt_created": "2020-04-10T20:08:17",
      "gmt_modified": "2020-04-10T20:08:17",
      "is_deleted": false,
      "workflow": 30,
      "username": "admin"
    }
  },
  {
    "model": "workflow.workflowadmin",
    "pk": 2,
    "fields": {
      "creator": "admin",
      "gmt_created": "2020-04-11T09:41:35",
      "gmt_modified": "2020-04-11T09:41:35",
      "is_deleted": false,
      "workflow": 31,
      "username": "guiji"
    }
  },
  {
    "model": "workflow.workflowadmin",
    "pk": 3,
    "fields": {
      "creator": "admin",
      "gmt_created": "2020-04-11T09:47:13",
      "gmt_modified": "2020-04-11T09:47:13",
      "is_deleted": false,
      "workflow": 35,
      "username": "guiji"
    }
  },
  {
    "model": "workflow.state",
    "pk": 1,
    "fields": {
      "creator": "admin",
      "gmt_created": "2018-04-23T20:53:33.052",
      "gmt_modified": "2018-05-13T11:42:11.273",
      "is_deleted": false,
      "name": "\u65b0\u5efa\u4e2d",
      "workflow_id": 1,
      "is_hidden": false,
      "order_id": 0,
      "type_id": 1,
      "enable_retreat": false,
      "remember_last_man_enable": false,
      "participant_type_id": 0,
      "participant": "",
      "distribute_type_id": 1,
      "state_field_str": "{\"title\":2,\"leave_start\":2,\"leave_end\":2,\"leave_proxy\":2,\"leave_type\":2,\"leave_reason\":2}",
      "label": "{}"
    }
  },
  {
    "model": "workflow.state",
    "pk": 2,
    "fields": {
      "creator": "admin",
      "gmt_created": "2018-04-30T15:45:48.976",
      "gmt_modified": "2018-05-14T06:44:10.661",
      "is_deleted": true,
      "name": "\u53d1\u8d77\u4eba-\u7f16\u8f91\u4e2d",
      "workflow_id": 1,
      "is_hidden": true,
      "order_id": 2,
      "type_id": 0,
      "enable_retreat": false,
      "remember_last_man_enable": false,
      "participant_type_id": 5,
      "participant": "creator",
      "distribute_type_id": 1,
      "state_field_str": "{\"leave_end\":2,\"leave_days\":2,\"sn\":1,\"state.state_name\":1,\"leave_proxy\":2,\"title\":2,\"gmt_created\":1,\"creator\":1,\"leave_start\":2,\"leave_reason\":2,\"leave_type\":2}",
      "label": "{}"
    }
  },
  {
    "model": "workflow.state",
    "pk": 3,
    "fields": {
      "creator": "admin",
      "gmt_created": "2018-04-30T15:46:42.184",
      "gmt_modified": "2018-11-27T07:20:33.209",
      "is_deleted": false,
      "name": "TL\u5ba1\u6279\u4e2d",
      "workflow_id": 1,
      "is_hidden": false,
      "order_id": 3,
      "type_id": 0,
      "enable_retreat": false,
      "remember_last_man_enable": true,
      "participant_type_id": 2,
      "participant": "zhangsan,lisi",
      "distribute_type_id": 4,
      "state_field_str": "{\"leave_reason\":1,\"leave_start\":1,\"leave_type\":1,\"creator\":1,\"gmt_created\":1,\"title\":1,\"leave_proxy\":1,\"sn\":1,\"leave_end\":1}",
      "label": "{}"
    }
  },
  {
    "model": "workflow.state",
    "pk": 4,
    "fields": {
      "creator": "admin",
      "gmt_created": "2018-04-30T15:47:58.790",
      "gmt_modified": "2018-05-13T11:42:59.834",
      "is_deleted": false,
      "name": "\u4eba\u4e8b\u90e8\u95e8-\u5904\u7406\u4e2d",
      "workflow_id": 1,
      "is_hidden": false,
      "order_id": 4,
      "type_id": 0,
      "enable_retreat": false,
      "remember_last_man_enable": false,
      "participant_type_id": 1,
      "participant": "jack",
      "distribute_type_id": 1,
      "state_field_str": "{\"sn\":1,  \"title\":1, \"leave_start\": 1,  \"leave_end\":1,  \"leave_days\":1,  \"leave_proxy\":1,  \"leave_type\":1, \"creator\":1, \"gmt_created\":1,  \"leave_reason\":1}",
      "label": "{}"
    }
  },
  {
    "model": "workflow.state",
    "pk": 5,
    "fields": {
      "creator": "admin",
      "gmt_created": "2018-04-30T15:51:41.260",
      "gmt_modified": "2018-05-11T06:52:39.799",
      "is_deleted": false,
      "name": "\u7ed3\u675f",
      "workflow_id": 1,
      "is_hidden": false,
      "order_id": 6,
      "type_id": 2,
      "enable_retreat": false,
      "remember_last_man_enable": false,
      "participant_type_id": 0,
      "participant": "",
      "distribute_type_id": 1,
      "state_field_str": "{}",
      "label": "{}"
    }
  },
  {
    "model": "workflow.state",
    "pk": 6,
    "fields": {
      "creator": "admin",
      "gmt_created": "2018-05-10T07:34:45.302",
      "gmt_modified": "2018-05-15T07:13:06.599",
      "is_deleted": false,
      "name": "\u53d1\u8d77\u4eba-\u65b0\u5efa\u4e2d",
      "workflow_id": 2,
      "is_hidden": false,
      "order_id": 1,
      "type_id": 1,
      "enable_retreat": false,
      "remember_last_man_enable": false,
      "participant_type_id": 5,
      "participant": "creator",
      "distribute_type_id": 1,
      "state_field_str": "{\"vpn_reason\":2, \"title\":2}",
      "label": "{}"
    }
  },
  {
    "model": "workflow.state",
    "pk": 7,
    "fields": {
      "creator": "admin",
      "gmt_created": "2018-05-11T06:47:36.381",
      "gmt_modified": "2018-05-15T07:19:16.038",
      "is_deleted": false,
      "name": "\u53d1\u8d77\u4ebatl-\u5ba1\u6279\u4e2d",
      "workflow_id": 2,
      "is_hidden": false,
      "order_id": 2,
      "type_id": 0,
      "enable_retreat": false,
      "remember_last_man_enable": false,
      "participant_type_id": 2,
      "participant": "zhangsan,admin",
      "distribute_type_id": 4,
      "state_field_str": "{\"sn\":1,\"title\":1,\"creator\":1,\"gmt_created\":1,\"vpn_reason\":1}",
      "label": "{}"
    }
  },
  {
    "model": "workflow.state",
    "pk": 8,
    "fields": {
      "creator": "admin",
      "gmt_created": "2018-05-11T06:48:26.945",
      "gmt_modified": "2018-11-05T23:37:58.618",
      "is_deleted": false,
      "name": "\u8fd0\u7ef4\u4eba\u5458-\u5ba1\u6279\u4e2d",
      "workflow_id": 2,
      "is_hidden": false,
      "order_id": 3,
      "type_id": 0,
      "enable_retreat": false,
      "remember_last_man_enable": false,
      "participant_type_id": 3,
      "participant": "3",
      "distribute_type_id": 1,
      "state_field_str": "{\"sn\":1,  \"title\":1, \"creator\":1, \"gmt_created\":1,\"vpn_reason\":1,\"participant_info.participant_alias\":1,\"participant_info.participant_name\":1}",
      "label": "{}"
    }
  },
  {
    "model": "workflow.state",
    "pk": 9,
    "fields": {
      "creator": "admin",
      "gmt_created": "2018-05-11T06:50:09.416",
      "gmt_modified": "2018-05-11T07:10:25.197",
      "is_deleted": false,
      "name": "\u6388\u6743\u811a\u672c-\u81ea\u52a8\u6267\u884c\u4e2d",
      "workflow_id": 2,
      "is_hidden": false,
      "order_id": 4,
      "type_id": 0,
      "enable_retreat": false,
      "remember_last_man_enable": false,
      "participant_type_id": 10,
      "participant": "{}",
      "distribute_type_id": 1,
      "state_field_str": "{}",
      "label": "{}"
    }
  },
  {
    "model": "workflow.state",
    "pk": 10,
    "fields": {
      "creator": "admin",
      "gmt_created": "2018-05-11T06:51:02.913",
      "gmt_modified": "2018-05-22T22:21:51.867",
      "is_deleted": false,
      "name": "\u53d1\u8d77\u4eba-\u786e\u8ba4\u4e2d",
      "workflow_id": 2,
      "is_hidden": false,
      "order_id": 6,
      "type_id": 0,
      "enable_retreat": false,
      "remember_last_man_enable": false,
      "participant_type_id": 5,
      "participant": "creator",
      "distribute_type_id": 1,
      "state_field_str": "{\"sn\":1,\"participant_info.participant_name\":1,\"state.state_name\":1,\"workflow.workflow_name\":1}",
      "label": "{}"
    }
  },
  {
    "model": "workflow.state",
    "pk": 11,
    "fields": {
      "creator": "admin",
      "gmt_created": "2018-05-11T07:11:53.076",
      "gmt_modified": "2018-05-11T07:11:53.076",
      "is_deleted": false,
      "name": "\u7ed3\u675f",
      "workflow_id": 2,
      "is_hidden": false,
      "order_id": 7,
      "type_id": 2,
      "enable_retreat": false,
      "remember_last_man_enable": false,
      "participant_type_id": 0,
      "participant": "",
      "distribute_type_id": 1,
      "state_field_str": "{}",
      "label": "{}"
    }
  },
  {
    "model": "workflow.state",
    "pk": 19,
    "fields": {
      "creator": "admin",
      "gmt_created": "2019-04-07T17:48:09.224",
      "gmt_modified": "2019-04-07T17:48:09.224",
      "is_deleted": true,
      "name": "test",
      "workflow_id": 1,
      "is_hidden": false,
      "order_id": 0,
      "type_id": 0,
      "enable_retreat": false,
      "remember_last_man_enable": true,
      "participant_type_id": 1,
      "participant": "",
      "distribute_type_id": 2,
      "state_field_str": "{\"title\":2}",
      "label": "{}"
    }
  },
  {
    "model": "workflow.state",
    "pk": 20,
    "fields": {
      "creator": "admin",
      "gmt_created": "2019-04-07T21:24:17.078",
      "gmt_modified": "2019-04-07T21:24:17.078",
      "is_deleted": true,
      "name": "testt",
      "workflow_id": 1,
      "is_hidden": false,
      "order_id": 0,
      "type_id": 0,
      "enable_retreat": false,
      "remember_last_man_enable": false,
      "participant_type_id": 1,
      "participant": "",
      "distribute_type_id": 2,
      "state_field_str": "{\"title\":2}",
      "label": "{}"
    }
  },
  {
    "model": "workflow.state",
    "pk": 21,
    "fields": {
      "creator": "admin",
      "gmt_created": "2019-04-07T22:10:52.603",
      "gmt_modified": "2019-04-07T22:10:52.603",
      "is_deleted": true,
      "name": "11111111",
      "workflow_id": 1,
      "is_hidden": false,
      "order_id": 0,
      "type_id": 0,
      "enable_retreat": false,
      "remember_last_man_enable": false,
      "participant_type_id": 1,
      "participant": "",
      "distribute_type_id": 2,
      "state_field_str": "{\"title\":2}",
      "label": "{}"
    }
  },
  {
    "model": "workflow.state",
    "pk": 22,
    "fields": {
      "creator": "admin",
      "gmt_created": "2019-06-13T23:01:34.696",
      "gmt_modified": "2019-06-13T23:01:34.696",
      "is_deleted": true,
      "name": "ttttttttt",
      "workflow_id": 1,
      "is_hidden": false,
      "order_id": 0,
      "type_id": 0,
      "enable_retreat": false,
      "remember_last_man_enable": false,
      "participant_type_id": 1,
      "participant": "",
      "distribute_type_id": 2,
      "state_field_str": "{\"title\":2}",
      "label": "{}"
    }
  },
  {
    "model": "workflow.state",
    "pk": 23,
    "fields": {
      "creator": "admin",
      "gmt_created": "2019-06-15T21:34:19.035",
      "gmt_modified": "2019-06-15T21:34:19.035",
      "is_deleted": true,
      "name": "11111",
      "workflow_id": 1,
      "is_hidden": false,
      "order_id": 0,
      "type_id": 0,
      "enable_retreat": false,
      "remember_last_man_enable": false,
      "participant_type_id": 1,
      "participant": "",
      "distribute_type_id": 2,
      "state_field_str": "{\"title\":2}",
      "label": "{}"
    }
  },
  {
    "model": "workflow.state",
    "pk": 24,
    "fields": {
      "creator": "admin",
      "gmt_created": "2019-06-15T21:46:16.037",
      "gmt_modified": "2019-06-15T21:46:16.037",
      "is_deleted": true,
      "name": "222",
      "workflow_id": 1,
      "is_hidden": false,
      "order_id": 0,
      "type_id": 0,
      "enable_retreat": false,
      "remember_last_man_enable": false,
      "participant_type_id": 1,
      "participant": "",
      "distribute_type_id": 2,
      "state_field_str": "{\"title\":2}",
      "label": "{}"
    }
  },
  {
    "model": "workflow.state",
    "pk": 25,
    "fields": {
      "creator": "admin",
      "gmt_created": "2019-09-20T15:21:24.144",
      "gmt_modified": "2019-09-20T15:21:24.144",
      "is_deleted": true,
      "name": "tttt",
      "workflow_id": 1,
      "is_hidden": false,
      "order_id": 0,
      "type_id": 0,
      "enable_retreat": false,
      "remember_last_man_enable": false,
      "participant_type_id": 1,
      "participant": "",
      "distribute_type_id": 2,
      "state_field_str": "{\"title\":2}",
      "label": "{}"
    }
  },
  {
    "model": "workflow.state",
    "pk": 26,
    "fields": {
      "creator": "admin",
      "gmt_created": "2019-09-20T15:21:31.081",
      "gmt_modified": "2019-09-20T15:21:31.081",
      "is_deleted": true,
      "name": "tttttt",
      "workflow_id": 1,
      "is_hidden": false,
      "order_id": 0,
      "type_id": 0,
      "enable_retreat": false,
      "remember_last_man_enable": false,
      "participant_type_id": 1,
      "participant": "",
      "distribute_type_id": 2,
      "state_field_str": "{\"title\":2}",
      "label": "{}"
    }
  },
  {
    "model": "workflow.state",
    "pk": 27,
    "fields": {
      "creator": "admin",
      "gmt_created": "2019-09-20T15:21:37.180",
      "gmt_modified": "2019-09-20T15:21:37.180",
      "is_deleted": true,
      "name": "fsfsf",
      "workflow_id": 1,
      "is_hidden": false,
      "order_id": 0,
      "type_id": 0,
      "enable_retreat": false,
      "remember_last_man_enable": false,
      "participant_type_id": 1,
      "participant": "",
      "distribute_type_id": 2,
      "state_field_str": "{\"title\":2}",
      "label": "{}"
    }
  },
  {
    "model": "workflow.transition",
    "pk": 1,
    "fields": {
      "creator": "admin",
      "gmt_created": "2018-04-24T07:09:25.922",
      "gmt_modified": "2018-04-30T15:48:57.047",
      "is_deleted": false,
      "name": "\u63d0\u4ea4",
      "workflow_id": 1,
      "transition_type_id": 1,
      "timer": 0,
      "source_state_id": 1,
      "destination_state_id": 3,
      "condition_expression": "[]",
      "attribute_type_id": 1,
      "field_require_check": true,
      "alert_enable": false,
      "alert_text": ""
    }
  },
  {
    "model": "workflow.transition",
    "pk": 2,
    "fields": {
      "creator": "admin",
      "gmt_created": "2018-04-30T15:30:25.650",
      "gmt_modified": "2018-04-30T15:48:52.372",
      "is_deleted": false,
      "name": "\u4fdd\u5b58",
      "workflow_id": 1,
      "transition_type_id": 1,
      "timer": 0,
      "source_state_id": 1,
      "destination_state_id": 1,
      "condition_expression": "[]",
      "attribute_type_id": 1,
      "field_require_check": true,
      "alert_enable": false,
      "alert_text": ""
    }
  },
  {
    "model": "workflow.transition",
    "pk": 3,
    "fields": {
      "creator": "admin",
      "gmt_created": "2018-04-30T15:49:23.451",
      "gmt_modified": "2018-04-30T15:49:23.451",
      "is_deleted": false,
      "name": "\u540c\u610f",
      "workflow_id": 1,
      "transition_type_id": 1,
      "timer": 0,
      "source_state_id": 3,
      "destination_state_id": 4,
      "condition_expression": "[]",
      "attribute_type_id": 1,
      "field_require_check": true,
      "alert_enable": false,
      "alert_text": ""
    }
  },
  {
    "model": "workflow.transition",
    "pk": 4,
    "fields": {
      "creator": "admin",
      "gmt_created": "2018-04-30T15:54:32.069",
      "gmt_modified": "2018-05-11T07:00:24.370",
      "is_deleted": false,
      "name": "\u62d2\u7edd",
      "workflow_id": 1,
      "transition_type_id": 1,
      "timer": 0,
      "source_state_id": 3,
      "destination_state_id": 1,
      "condition_expression": "[]",
      "attribute_type_id": 1,
      "field_require_check": false,
      "alert_enable": false,
      "alert_text": "fdsfdsfsf"
    }
  },
  {
    "model": "workflow.transition",
    "pk": 5,
    "fields": {
      "creator": "admin",
      "gmt_created": "2018-04-30T15:55:00.072",
      "gmt_modified": "2018-05-11T07:03:29.349",
      "is_deleted": false,
      "name": "\u540c\u610f",
      "workflow_id": 1,
      "transition_type_id": 1,
      "timer": 0,
      "source_state_id": 4,
      "destination_state_id": 5,
      "condition_expression": "[]",
      "attribute_type_id": 1,
      "field_require_check": true,
      "alert_enable": false,
      "alert_text": ""
    }
  },
  {
    "model": "workflow.transition",
    "pk": 6,
    "fields": {
      "creator": "admin",
      "gmt_created": "2018-05-11T06:58:43.395",
      "gmt_modified": "2018-05-11T07:04:14.896",
      "is_deleted": false,
      "name": "\u9000\u56de",
      "workflow_id": 1,
      "transition_type_id": 1,
      "timer": 0,
      "source_state_id": 4,
      "destination_state_id": 1,
      "condition_expression": "[]",
      "attribute_type_id": 1,
      "field_require_check": false,
      "alert_enable": false,
      "alert_text": ""
    }
  },
  {
    "model": "workflow.transition",
    "pk": 7,
    "fields": {
      "creator": "admin",
      "gmt_created": "2018-05-11T07:06:22.745",
      "gmt_modified": "2018-05-11T07:06:22.745",
      "is_deleted": false,
      "name": "\u63d0\u4ea4",
      "workflow_id": 2,
      "transition_type_id": 1,
      "timer": 0,
      "source_state_id": 6,
      "destination_state_id": 7,
      "condition_expression": "[]",
      "attribute_type_id": 1,
      "field_require_check": true,
      "alert_enable": false,
      "alert_text": ""
    }
  },
  {
    "model": "workflow.transition",
    "pk": 8,
    "fields": {
      "creator": "admin",
      "gmt_created": "2018-05-11T07:07:33.213",
      "gmt_modified": "2018-05-11T07:07:33.213",
      "is_deleted": false,
      "name": "\u540c\u610f",
      "workflow_id": 2,
      "transition_type_id": 1,
      "timer": 0,
      "source_state_id": 7,
      "destination_state_id": 8,
      "condition_expression": "[]",
      "attribute_type_id": 1,
      "field_require_check": true,
      "alert_enable": false,
      "alert_text": ""
    }
  },
  {
    "model": "workflow.transition",
    "pk": 9,
    "fields": {
      "creator": "admin",
      "gmt_created": "2018-05-11T07:12:53.036",
      "gmt_modified": "2018-05-11T07:12:53.036",
      "is_deleted": false,
      "name": "\u540c\u610f",
      "workflow_id": 2,
      "transition_type_id": 1,
      "timer": 0,
      "source_state_id": 8,
      "destination_state_id": 9,
      "condition_expression": "[]",
      "attribute_type_id": 1,
      "field_require_check": true,
      "alert_enable": false,
      "alert_text": ""
    }
  },
  {
    "model": "workflow.transition",
    "pk": 10,
    "fields": {
      "creator": "admin",
      "gmt_created": "2018-05-11T07:13:12.070",
      "gmt_modified": "2018-05-11T07:13:12.070",
      "is_deleted": false,
      "name": "\u811a\u672c\u6267\u884c\u5b8c\u6210",
      "workflow_id": 2,
      "transition_type_id": 1,
      "timer": 0,
      "source_state_id": 9,
      "destination_state_id": 10,
      "condition_expression": "[]",
      "attribute_type_id": 1,
      "field_require_check": true,
      "alert_enable": false,
      "alert_text": ""
    }
  },
  {
    "model": "workflow.transition",
    "pk": 11,
    "fields": {
      "creator": "admin",
      "gmt_created": "2018-05-11T07:13:52.427",
      "gmt_modified": "2018-05-11T07:13:52.427",
      "is_deleted": false,
      "name": "\u786e\u8ba4\u5b8c\u6210",
      "workflow_id": 2,
      "transition_type_id": 1,
      "timer": 0,
      "source_state_id": 10,
      "destination_state_id": 11,
      "condition_expression": "[]",
      "attribute_type_id": 1,
      "field_require_check": true,
      "alert_enable": false,
      "alert_text": ""
    }
  },
  {
    "model": "workflow.transition",
    "pk": 12,
    "fields": {
      "creator": "admin",
      "gmt_created": "2018-05-11T07:16:26.826",
      "gmt_modified": "2018-05-11T07:16:36.072",
      "is_deleted": false,
      "name": "\u672a\u751f\u6548",
      "workflow_id": 2,
      "transition_type_id": 1,
      "timer": 0,
      "source_state_id": 10,
      "destination_state_id": 8,
      "condition_expression": "[]",
      "attribute_type_id": 1,
      "field_require_check": false,
      "alert_enable": true,
      "alert_text": "\u662f\u5426\u771f\u7684\u9000\u56de\uff1f  \u8bf7\u67e5\u770bvpn\u4f7f\u7528\u6587\u6863\u4fdd\u8bc1\u4f7f\u7528\u59ff\u52bf\u6b63\u786e\uff0c\u518d\u9000\u56de"
    }
  },
  {
    "model": "workflow.transition",
    "pk": 25,
    "fields": {
      "creator": "admin",
      "gmt_created": "2019-12-08T16:46:06.801",
      "gmt_modified": "2019-12-08T16:46:06.801",
      "is_deleted": true,
      "name": "tttt",
      "workflow_id": 2,
      "transition_type_id": 1,
      "timer": 0,
      "source_state_id": 28,
      "destination_state_id": 6,
      "condition_expression": "[]",
      "attribute_type_id": 1,
      "field_require_check": false,
      "alert_enable": false,
      "alert_text": ""
    }
  },
  {
    "model": "workflow.customfield",
    "pk": 1,
    "fields": {
      "creator": "admin",
      "gmt_created": "2018-04-23T20:56:25.940",
      "gmt_modified": "2018-05-11T07:31:11.133",
      "is_deleted": false,
      "workflow_id": 1,
      "field_type_id": 30,
      "field_key": "leave_start",
      "field_name": "\u5f00\u59cb\u65f6\u95f4",
      "order_id": 20,
      "default_value": null,
      "description": "",
      "field_template": "",
      "boolean_field_display": "{}",
      "field_choice": "{}",
      "label": "{}"
    }
  },
  {
    "model": "workflow.customfield",
    "pk": 2,
    "fields": {
      "creator": "admin",
      "gmt_created": "2018-05-10T07:41:03.717",
      "gmt_modified": "2018-05-11T07:31:19.923",
      "is_deleted": false,
      "workflow_id": 1,
      "field_type_id": 30,
      "field_key": "leave_end",
      "field_name": "\u7ed3\u675f\u65f6\u95f4",
      "order_id": 25,
      "default_value": null,
      "description": "",
      "field_template": "",
      "boolean_field_display": "{}",
      "field_choice": "{}",
      "label": "{}"
    }
  },
  {
    "model": "workflow.customfield",
    "pk": 4,
    "fields": {
      "creator": "admin",
      "gmt_created": "2018-05-11T07:31:01.068",
      "gmt_modified": "2018-05-11T07:31:35.323",
      "is_deleted": false,
      "workflow_id": 1,
      "field_type_id": 60,
      "field_key": "leave_proxy",
      "field_name": "\u4ee3\u7406\u4eba",
      "order_id": 35,
      "default_value": null,
      "description": "\u8bf7\u5047\u671f\u95f4\u7684\u4ee3\u7406\u4eba",
      "field_template": "",
      "boolean_field_display": "{}",
      "field_choice": "{}",
      "label": ""
    }
  },
  {
    "model": "workflow.customfield",
    "pk": 5,
    "fields": {
      "creator": "admin",
      "gmt_created": "2018-05-11T07:34:29.608",
      "gmt_modified": "2018-05-23T22:38:57.324",
      "is_deleted": false,
      "workflow_id": 1,
      "field_type_id": 35,
      "field_key": "leave_type",
      "field_name": "\u8bf7\u5047\u7c7b\u578b",
      "order_id": 40,
      "default_value": null,
      "description": "",
      "field_template": "",
      "boolean_field_display": "{}",
      "field_choice": "{\"1\": \"\u5e74\u5047\", \"2\": \"\u8c03\u4f11\", \"3\": \"\u75c5\u5047\", \"4\": \"\u5a5a\u5047\"}",
      "label": "{}"
    }
  },
  {
    "model": "workflow.customfield",
    "pk": 6,
    "fields": {
      "creator": "admin",
      "gmt_created": "2018-05-11T07:36:41.882",
      "gmt_modified": "2018-05-11T07:36:41.882",
      "is_deleted": false,
      "workflow_id": 1,
      "field_type_id": 55,
      "field_key": "leave_reason",
      "field_name": "\u8bf7\u5047\u539f\u56e0\u53ca\u76f8\u5173\u9644\u4ef6",
      "order_id": 45,
      "default_value": null,
      "description": "",
      "field_template": "\u75c5\u5047\u8bf7\u63d0\u4f9b\u8bc1\u660e\u62cd\u7167\u9644\u4ef6\uff0c \u5a5a\u5047\u8bf7\u63d0\u4f9b\u7ed3\u5a5a\u8bc1\u62cd\u7167\u9644\u4ef6",
      "boolean_field_display": "{}",
      "field_choice": "{}",
      "label": "{}"
    }
  },
  {
    "model": "workflow.customfield",
    "pk": 7,
    "fields": {
      "creator": "admin",
      "gmt_created": "2018-05-12T10:02:31.501",
      "gmt_modified": "2018-05-12T10:02:31.501",
      "is_deleted": false,
      "workflow_id": 2,
      "field_type_id": 55,
      "field_key": "vpn_reason",
      "field_name": "\u7533\u8bf7\u539f\u56e0",
      "order_id": 110,
      "default_value": "\u8bf7\u586b\u5199\u7533\u8bf7vpn\u7684\u7406\u7531",
      "description": "vpn\u7533\u8bf7\u539f\u56e0",
      "field_template": "",
      "boolean_field_display": "{}",
      "field_choice": "{}",
      "label": "{}"
    }
  },
  {
    "model": "workflow.workflowscript",
    "pk": 1,
    "fields": {
      "creator": "admin",
      "gmt_created": "2019-03-08T07:05:49.613",
      "gmt_modified": "2019-03-08T07:05:49.613",
      "is_deleted": false,
      "name": "\u521b\u5efa\u865a\u62df\u673a",
      "saved_name": "workflow_script/create_vm.py",
      "description": "\u7528\u4e8e\u521b\u5efa\u865a\u62df\u673a\u7684\u811a\u672c",
      "is_active": true
    }
  },
  {
    "model": "workflow.workflowscript",
    "pk": 2,
    "fields": {
      "creator": "admin",
      "gmt_created": "2019-03-10T10:06:37.450",
      "gmt_modified": "2019-03-10T10:06:37.450",
      "is_deleted": true,
      "name": "werer",
      "saved_name": "workflow_script/e5939be6-4b64-11e9-a255-784f437daad6.py",
      "description": "erewrewrw2222",
      "is_active": true
    }
  },
  {
    "model": "workflow.workflowscript",
    "pk": 3,
    "fields": {
      "creator": "admin",
      "gmt_created": "2019-03-10T10:23:38.640",
      "gmt_modified": "2019-03-10T10:23:38.640",
      "is_deleted": true,
      "name": "teste2221",
      "saved_name": "workflow_script/83b3a57e-42db-11e9-8e30-784f437daad6.py",
      "description": "estt",
      "is_active": true
    }
  },
  {
    "model": "workflow.workflowscript",
    "pk": 4,
    "fields": {
      "creator": "admin",
      "gmt_created": "2019-03-10T23:52:05.449",
      "gmt_modified": "2019-03-10T23:52:05.449",
      "is_deleted": true,
      "name": "111",
      "saved_name": "workflow_script/7401155a-434c-11e9-8621-784f437daad6.py",
      "description": "222",
      "is_active": true
    }
  },
  {
    "model": "workflow.workflowscript",
    "pk": 5,
    "fields": {
      "creator": "admin",
      "gmt_created": "2019-03-11T06:50:29.009",
      "gmt_modified": "2019-03-11T06:50:29.009",
      "is_deleted": true,
      "name": "1313",
      "saved_name": "workflow_script/d5d39ad4-4386-11e9-ac68-784f437daad6.py",
      "description": "13132",
      "is_active": true
    }
  },
  {
    "model": "workflow.workflowscript",
    "pk": 6,
    "fields": {
      "creator": "admin",
      "gmt_created": "2019-03-11T06:51:28.891",
      "gmt_modified": "2019-03-11T06:51:28.891",
      "is_deleted": true,
      "name": "fsdf1",
      "saved_name": "workflow_script/08bb0dec-4387-11e9-af6c-784f437daad6.py",
      "description": "dfdsf1",
      "is_active": true
    }
  },
  {
    "model": "workflow.workflowscript",
    "pk": 7,
    "fields": {
      "creator": "admin",
      "gmt_created": "2019-03-11T07:25:14.244",
      "gmt_modified": "2019-03-11T07:25:14.244",
      "is_deleted": true,
      "name": "12",
      "saved_name": "workflow_script/bc560c22-438b-11e9-8720-784f437daad6.py",
      "description": "122222",
      "is_active": true
    }
  },
  {
    "model": "workflow.workflowscript",
    "pk": 8,
    "fields": {
      "creator": "admin",
      "gmt_created": "2019-03-11T07:26:12.872",
      "gmt_modified": "2019-03-11T07:26:12.873",
      "is_deleted": true,
      "name": "12",
      "saved_name": "workflow_script/e4bbfec2-438b-11e9-a471-784f437daad6.py",
      "description": "22",
      "is_active": false
    }
  },
  {
    "model": "workflow.workflowscript",
    "pk": 9,
    "fields": {
      "creator": "admin",
      "gmt_created": "2019-03-11T07:29:59.633",
      "gmt_modified": "2019-03-11T07:29:59.633",
      "is_deleted": true,
      "name": "121",
      "saved_name": "workflow_script/6be756dc-438c-11e9-866a-784f437daad6.py",
      "description": "21212",
      "is_active": false
    }
  },
  {
    "model": "workflow.workflowscript",
    "pk": 10,
    "fields": {
      "creator": "admin",
      "gmt_created": "2019-03-11T07:30:13.623",
      "gmt_modified": "2019-03-11T07:30:13.623",
      "is_deleted": true,
      "name": "121",
      "saved_name": "workflow_script/743df598-438c-11e9-875b-784f437daad6.py",
      "description": "21212",
      "is_active": false
    }
  },
  {
    "model": "workflow.workflowscript",
    "pk": 11,
    "fields": {
      "creator": "admin",
      "gmt_created": "2019-03-11T07:31:44.335",
      "gmt_modified": "2019-03-11T07:44:31.483",
      "is_deleted": true,
      "name": "121",
      "saved_name": "workflow_script/aa4f5030-438c-11e9-9ac4-784f437daad6.py",
      "description": "2121",
      "is_active": false
    }
  },
  {
    "model": "workflow.workflowscript",
    "pk": 12,
    "fields": {
      "creator": "admin",
      "gmt_created": "2019-03-21T07:04:45.767",
      "gmt_modified": "2019-03-21T07:04:45.767",
      "is_deleted": true,
      "name": "fefef222",
      "saved_name": "workflow_script/8dae6968-4b64-11e9-9404-784f437daad6.py",
      "description": "1222222222",
      "is_active": true
    }
  },
  {
    "model": "workflow.workflowscript",
    "pk": 13,
    "fields": {
      "creator": "admin",
      "gmt_created": "2019-03-21T07:05:44.117",
      "gmt_modified": "2019-03-21T07:05:44.117",
      "is_deleted": true,
      "name": "ses222211122222",
      "saved_name": "workflow_script/b07acb78-4b64-11e9-9300-784f437daad6.py",
      "description": "1222222222",
      "is_active": true
    }
  },
  {
    "model": "workflow.workflowscript",
    "pk": 14,
    "fields": {
      "creator": "admin",
      "gmt_created": "2019-03-21T07:07:05.629",
      "gmt_modified": "2019-03-21T07:07:05.630",
      "is_deleted": true,
      "name": "werer",
      "saved_name": "workflow_script/e1109ee8-4b64-11e9-bd64-784f437daad6.py",
      "description": "erewrewrw",
      "is_active": true
    }
  },
  {
    "model": "workflow.workflowscript",
    "pk": 15,
    "fields": {
      "creator": "admin",
      "gmt_created": "2019-03-22T07:21:37.181",
      "gmt_modified": "2019-03-22T07:21:37.181",
      "is_deleted": true,
      "name": "wf",
      "saved_name": "workflow_script/12f69d08-4c30-11e9-bfd8-784f437daad6.py",
      "description": "sdfsfs",
      "is_active": true
    }
  },
  {
    "model": "workflow.customnotice",
    "pk": 1,
    "fields": {
      "creator": "admin",
      "gmt_created": "2019-02-12T22:45:20.765",
      "gmt_modified": "2019-02-12T22:45:20.765",
      "is_deleted": false,
      "name": "\u901a\u77e51",
      "description": null,
      "hook_url": "",
      "hook_token": ""
    }
  },
  {
    "model": "workflow.workflowuserpermission",
    "pk": 1,
    "fields": {
      "creator": "admin",
      "gmt_created": "2019-03-03T10:08:24.294",
      "gmt_modified": "2019-04-07T22:25:10.723",
      "is_deleted": false,
      "workflow_id": 1,
      "permission": "api",
      "user_type": "app",
      "user": "ops"
    }
  },
  {
    "model": "workflow.workflowuserpermission",
    "pk": 2,
    "fields": {
      "creator": "admin",
      "gmt_created": "2019-03-03T10:08:24.294",
      "gmt_modified": "2019-04-07T22:25:10.723",
      "is_deleted": false,
      "workflow_id": 2,
      "permission": "api",
      "user_type": "app",
      "user": "ops"
    }
  }

]